topic_id,topic_short_name,topic_description,num_docs_assigned,pct_training_docs,top_15_words,top_15_word_probs,repr_doc_1_theta,repr_doc_1_snippet,repr_doc_2_theta,repr_doc_2_snippet,topic_long_description
0,T00_AF_Afrikaans_Tokyo_Haneda_Robot_Hotel_Tour,"Top-10 words: die, nie, tak, dit, het, hier, daar, wat, dar, baie. Detected multilingual function-word signal: [('Afrikaans', 9)]. Auto-suffix label=Mixed_Travel_Commentary. Review top-words + representative docs below to refine name.",19,2.12,"die, nie, tak, dit, het, hier, daar, wat, dar, baie, hotelu, sal, robot, vir, was","0.0570, 0.0233, 0.0200, 0.0197, 0.0187, 0.0176, 0.0171, 0.0130, 0.0116, 0.0109, 0.0104, 0.0096, 0.0094, 0.0093, 0.0093",0.9978,"Vandag probeer ons die vreemdste hotel in Tokio, Japan. Die hotel word deur robotte bestuur! Deur die video, ek hoop jy sal 'n paar toekomstige reis idees kry Geniet! Hallo, ek is nou by Asakusabashi-stasie in Tokio Vandag gaan ek by 'n hotel hier in die omgew",0.9977,"skakel asseblief onderskrifte aan. Daar is hoofstukke in hierdie video en jy kan die deel kies wat jy wil sien. Hallo, ek is Taka. Ek is op 'n bus na Haneda lughawe se terminaal een. Ek hou van Haneda-lughawe vanweë sy futuristiese ontwerp. dit word erken as d","Afrikaans-language YouTube vlog tour of the “weirdest hotel in Tokyo Japan” — robot-managed Haneda Airport hotel, Taka bus-ride chapter markers, Afrikaans function-words cluster (die / nie / tak / dit / het / hier / daar / wat / baie). Top φ(w|k): die(0.057) / nie(0.023) / tak(0.020) / dit(0.020) / het(0.019)."
1,T01_EN_HenNa_Chain_Welcome_Bumper_Hotel_Intro_Montage,"Top-10 words: the, and, music, you, for, with, robot, this, your, robots. Auto-suffix label=Mixed_Travel_Commentary. Review top-words + representative docs below to refine name.",217,24.19,"the, and, music, you, for, with, robot, this, your, robots, room, from, are, erience, check","0.0711, 0.0562, 0.0366, 0.0202, 0.0185, 0.0144, 0.0103, 0.0097, 0.0087, 0.0071, 0.0065, 0.0058, 0.0056, 0.0053, 0.0053",0.9957,"Welcome to Hen Na Hotel Tokyo Hanetta, where you may secure your reservation immediately by scanning the QR code on your screen or by visiting the link in the description below. Prepare to step into a world where the boundaries between cuttingedge innovation a",0.9956,"Welcome to Serena Riverhouse, your serene sanctuary nestled in the heart of Mayai, Thailand. If you are ready to turn this peaceful retreat into your next reality, simply scan the QR code on your screen right now or click the booking link in the description be","Largest-intro generic bumper / YouTube intros: Hen-na Hotel Tokyo Haneta QR welcome, third-party Thailand Serena Riverhouse opening scene, [Music]-rich montages, stopword-heavy after DF filter. Top φ(w|k): the(0.071) / and(0.056) / music(0.037) / you(0.020) / for(0.018)."
2,T02_EN_HospitalityTech_2026_Secret_AI_System_Roundtable,"Top-10 words: the, that, and, you, what, you_know, this, have, they, for. Auto-suffix label=Mixed_Travel_Commentary. Review top-words + representative docs below to refine name.",115,12.82,"the, that, and, you, what, you_know, this, have, they, for, but, like, just, right, with","0.0685, 0.0553, 0.0546, 0.0390, 0.0153, 0.0146, 0.0145, 0.0140, 0.0122, 0.0117, 0.0117, 0.0113, 0.0098, 0.0092, 0.0088",0.9993,There is a secret AI system that every profitable hotel will be using in 2026 and beyond. And almost no one in hospitality is actually ready for it. And the biggest transformation has always happened in hotels. And we recently helped a hotel do something that ,0.9981,Mr Vincent let's talk about gains AI solution offering uh I was on a phone yesterday as a matter of fact with uh a high level executive in a I'd call it a small Hotel Group that was saying he he's having conversations with his CEO they're stuck they're stuck t,"Executive thought-leader voiceover: “There is a secret AI system every profitable hotel will be using in 2026 and beyond” — B2B GAI / CRO / dynamic-price AI, high-demand weekend pricing error audits (Valentine's), Vincent Gains AI solution sales call with a small-hotel-group C-level. Top φ(w|k): the(0.069) / that(0.055) / and(0.055) / you(0.039) / what(0.015)."
3,T03_EN_RevenueOps_Keynote_AI_Ambassador_Chatbot_CRO,"Top-10 words: and, the, for, that, hotels, can, this, with, are, they. Auto-suffix label=B2B_HospitalityTech_SalesPitch_Solution. Review top-words + representative docs below to refine name.",139,15.5,"and, the, for, that, hotels, can, this, with, are, they, from, your, technology, hospitality, guests","0.0604, 0.0539, 0.0138, 0.0116, 0.0099, 0.0095, 0.0091, 0.0086, 0.0086, 0.0081, 0.0064, 0.0062, 0.0061, 0.0060, 0.0059",0.9984,"High-demand spikes, like a Valentine's Day weekend, bring massive foot traffic to hospitality groups, but they also expose hidden pricing errors. These errors often go completely unnoticed until the booking window closes. This data table shows a real-time pric",0.9958,"The biggest moment at any conference is in a keynote. It's the moment an attendee picks up their phone, types a question, and gets an instant useful answer. That's AI Ambassador. AI Ambassador is an AI-powered concierge and guest engagement platform for events",Revenue-ops keynote + AI Ambassador / chatbot CRO case studies — attendee types question → instant answer AI Amb; Raid Parity CRO tooling; high-demand Valentine weekend pricing-error exposé / hospitality hidden-price-error audit keynotes. Top φ(w|k): and(0.060) / the(0.054) / for(0.014) / that(0.012) / hotels(0.010).
4,T04_EsIt_Iberian_Italian_HotelTech_Sustainability_Robot,"Top-10 words: che, non, dar, musico, robot, ver, henn, persona, sto, tener. Detected multilingual function-word signal: [('Italian', 3)]. Auto-suffix label=Mixed_Travel_Commentary. Review top-words + representative docs below to refine name.",31,3.46,"che, non, dar, musico, robot, ver, henn, persona, sto, tener, due, parte, chi, come, all","0.0868, 0.0621, 0.0415, 0.0364, 0.0350, 0.0162, 0.0122, 0.0100, 0.0094, 0.0089, 0.0083, 0.0083, 0.0083, 0.0077, 0.0077",0.9961,Benvenuti siamo a Tokyo nella nostra fantastica camera d'albergo fantastica dai è bella È solamente tanto piccola tanto piccola Infatti super cosa che dico già all'inizio consiglio vivamente di prendere le camere con due letti separati se siete una coppia non ,0.9644,"En HD Hotels, nos consideramos una de las compañías hoteleras punteras en sostenibilidad. Dentro de los residuos nos dimos cuenta de la importancia que tenía el residuo orgánico y por eso decidimos implementar tecnología para descubrir cuánta comida realmente ",Mixed Ibero-Romance cluster: Italian “Benvenuti siamo a Tokyo camera albergo fantastica” vlog + Spanish HD Hotels puntero en sostenibilidad (residual-waste management) + Iberian hotel-tech sustainability / robot room service clips. Top φ(w|k): che(0.087) / non(0.062) / dar(0.042) / musico(0.036) / robot(0.035).
5,T05_ML_Greek_JP_TW_Chatbot_CRO_TVBS_News_Robot,"Top-10 words: asakus, asakusa, shrine, chatbot, bin, robot, chat, conversion, chatbots, tvbs. Auto-suffix label=Mixed_Travel_Commentary. Review top-words + representative docs below to refine name.",14,1.56,"asakus, asakusa, shrine, chatbot, bin, robot, chat, conversion, chatbots, tvbs, hat, bot, booking, codir, booking_engine","0.0126, 0.0119, 0.0097, 0.0074, 0.0071, 0.0061, 0.0049, 0.0049, 0.0049, 0.0049, 0.0048, 0.0044, 0.0043, 0.0040, 0.0039",0.9908,"Καλησπέρα. Σας ευχαριστώ όπου είστε εδώ. Θα μιλήσουμε για τα chatbots. Σαν υπόβαθρο, είμαι από μια εταιρία, τη Raid Parity, που κάνει ένα εργαλείο CRO, Conversion Rate Optimization. Ζει στο website του ξενοδοχαίου. Έχει 6 ετοιμήματα, ένα από τα οποία είναι το ",0.8887,剛剛提到 AI AI機器人開始融入我們日常生活了嗎 特斯拉的人型機器人 已經在去年德國的耶誕市集上 開始提供爆米花的服務 那更不要提拉斯維加斯的 AI 飯店用機器人 想當主要特色 從入住客房安排 直到其他方面由 AI 系統來運行 想提供全新的客製化住宿體驗 增加一點客人 機器狗在養老院裡面 替長輩提供情感支持 全球 AI 機器人的發展快速 這些機器人如今 不僅只在實驗室內 做出超炫動作來展示能力 更深入日常生活 為人們提供真實的服務 例如特斯拉旗下的人型機器人 去年底已經進駐德國柏林的耶誕市集 為民眾送上爆米花的同,"Mixed Greek (Καλησπέρα — Σας ευχαριστώ — chatbots / CRO Raid Parity presentation) + Traditional Chinese TVBS news on Las Vegas AI robot hotel, robot-dog elderly emotional-support, German Christmas market Tesla humanoid popcorn robot, global AI robotics outlook + Asakusa shrine tokens. Top φ(w|k): asakus(0.013) / asakusa(0.012) / shrine(0.010) / chatbot(0.007) / bin(0.007)."
6,T06_FR_French_Quartier_Japan_Robot_Hotel_Service_Vlog,"Top-10 words: plus, dans, robot, pour, pas, unir, mai, music_thank_you, une, par. Auto-suffix label=Mixed_Travel_Commentary. Review top-words + representative docs below to refine name.",19,2.12,"plus, dans, robot, pour, pas, unir, mai, music_thank_you, une, par, vegas, comment, via, choel, thank_you","0.0278, 0.0274, 0.0274, 0.0220, 0.0183, 0.0181, 0.0110, 0.0110, 0.0109, 0.0103, 0.0089, 0.0085, 0.0062, 0.0062, 0.0060",0.9746,nous avons tous déjà rêvé d'un monde où les robots feraient tout le travail à notre place les rêves sont en passe de devenir réalité dans l'hôtel robot d'un quartier japonais où nous pouvons voir comment certaines parties du futur seront vécues dans cet hôtel ,0.9707,nous avons tous déjà rêvé d'un monde où les robots feraient tout le travail à notre place les rêves sont en passe de devenir réalité dans l'hôtel robot d'un quartier japonais où nous pouvons voir comment certaines parties du futur seront vécues dans cet hôtel ,"French vlog: “nous avons tous déjà rêvé d'un monde où les robots feraient tout le travail à notre place” — quartier japonais, robot hotel service de chambre, pas/plus/dans/pour/unir/mai function-words cluster. Top φ(w|k): plus(0.028) / dans(0.027) / robot(0.027) / pour(0.022) / pas(0.018)."
7,T07_TL_Tagalog_Osaka_Tokyo_Robot_Hotel_Flight_Vlog,"Top-10 words: music_music, guys, dito, robot, yung, air, ang, tayo, lang, may. Detected multilingual function-word signal: [('Tagalog (Filipino)', 6)]. Auto-suffix label=Mixed_Travel_Commentary. Review top-words + representative docs below to refine name.",56,6.24,"music_music, guys, dito, robot, yung, air, ang, tayo, lang, may, kami, yan, musika, yang, okay","0.0267, 0.0243, 0.0203, 0.0191, 0.0184, 0.0183, 0.0172, 0.0155, 0.0150, 0.0148, 0.0145, 0.0143, 0.0123, 0.0119, 0.0109",0.9981,[Musika] Hi guys nandito ako ngayon saine or sa Jr J lashi station so after dito Pagdating niyo exit West Punta tayo sa ah hotel then mga ilang ano lang minutes lang like 2 minutes lang walking nandon na tayo sa hotel so Tara guys Ayan nandito yung um so isang,0.9973,[Musika] Good evening everyone at Guys andito na po tayo sa Osaka at kadarating lang po natin guys at Ah ito ah on the way na po tayo papunta po tayo sa ating ah tutuluyan tonight dito po sa hina hotel dito po sa Izumi Ayan po guys pasok na po tayo sa loob at ,Tagalog vlog: [Musika] Hi guys — Jr Lashi station West exit punta hotel; Osaka arrival Ah on the way papunta sa ating tutuluyan + airport transfer segments. Top φ(w|k): music_music(0.027) / guys(0.024) / dito(0.020) / robot(0.019) / yung(0.018).
8,T08_EN_Robot_vs_Human_Service_This_Is_A_Robot_Hotel_Documentary,"Top-10 words: the, and, you, this, that, like, have, but, they, just. Auto-suffix label=Mixed_Travel_Commentary. Review top-words + representative docs below to refine name.",287,32.0,"the, and, you, this, that, like, have, but, they, just, here, for, robot, are, what","0.0676, 0.0391, 0.0281, 0.0259, 0.0222, 0.0135, 0.0129, 0.0114, 0.0112, 0.0105, 0.0103, 0.0096, 0.0087, 0.0080, 0.0080",0.9997,"This is a robot hotel. >> Hello, human. >> Where only machine people do all of the work. And to find out if this technology will one day take all of our jobs, I'm going to every futuristic hotel and business with robot employees. Like we'll try food made by [m",0.9997,"This is a robot hotel. >> Hello, human. >> Where only machine people do all of the work. And to find out if this technology will [music] one day take all of our jobs, I'm going to every futuristic hotel and business with robot employees. Like we'll try food ma","Flagship English flagship channel documentary (largest topic n=287): “This is a robot hotel. >> Hello, human. >> Where only machine people do all the work.” “Will technology take all of our jobs?” cross-channel compilation. Top φ(w|k): the(0.068) / and(0.039) / you(0.028) / this(0.026) / that(0.022)."
